Employee_ID,Employee_Code,First_Name,Last_Name,Email,Phone,Department,Designation,Warehouse_ID,Hire_Date,Is_Active,Created_Date
1,EMP0001,Aarav,Nazareth,nsabharwal@example.com,9473056337,Operations,Warehouse Manager,4,2024-08-09,1,2026-07-13
2,EMP0002,Vrishti,Keer,rastogiwaida@example.net,1105685828,Warehouse,Sales Executive,4,2025-03-31,1,2026-07-13
3,EMP0003,Qushi,Lalla,cmane@example.net,2996276197,Inventory,Inventory Executive,4,2024-10-04,1,2026-07-13
4,EMP0004,Mekhala,Mital,vcheema@example.com,2167423597,Operations,Sales Manager,5,2026-02-05,1,2026-07-13
5,EMP0005,Hamsini,Bhat,epalan@example.com,2176346008,Warehouse,Sales Executive,4,2024-02-03,1,2026-07-13
6,EMP0006,Dayita,Suri,prisha49@example.net,3467536555,Sales,Inventory Executive,5,2024-02-29,1,2026-07-13
7,EMP0007,Upkaar,Devan,onveerwable@example.org,1556885896,Inventory,Sales Executive,3,2023-04-22,1,2026-07-13
8,EMP0008,Tanay,Murthy,lokevinaya@example.org,5770262066,Inventory,Sales Executive,3,2025-07-07,1,2026-07-13
9,EMP0009,Mason,Subramanian,oni53@example.net,8183356457,Inventory,Warehouse Manager,3,2021-11-15,1,2026-07-13
10,EMP0010,Brinda,Rama,advayhans@example.net,6057616449,Operations,Warehouse Manager,2,2024-07-05,1,2026-07-13
11,EMP0011,Faqid,Mohan,simonjohal@example.com,6973251111,Warehouse,Warehouse Manager,1,2025-12-07,1,2026-07-13
12,EMP0012,Liam,Kamdar,nakshagrawal@example.org,9241109458,Inventory,Inventory Executive,2,2026-01-20,1,2026-07-13
13,EMP0013,Turvi,Ahluwalia,radhadugal@example.net,5163320882,Inventory,Sales Executive,4,2022-06-17,1,2026-07-13
14,EMP0014,Manthan,Gill,niharika88@example.org,5297952832,Warehouse,Inventory Executive,3,2025-09-14,1,2026-07-13
15,EMP0015,Nisha,Basu,gaurijhaveri@example.org,4587117046,Inventory,Warehouse Manager,4,2025-03-11,1,2026-07-13
16,EMP0016,Anmol,Bir,badalidika@example.net,8686249966,Inventory,Warehouse Manager,5,2025-10-01,1,2026-07-13
17,EMP0017,Finn,Warrior,sarthak02@example.org,5344515361,Sales,Warehouse Manager,5,2024-06-07,1,2026-07-13
18,EMP0018,Victor,Choudhry,hredhaanrana@example.org,6315492319,Sales,Sales Executive,3,2024-07-27,1,2026-07-13
19,EMP0019,Adya,Hegde,ecomar@example.com,9508205279,Operations,Inventory Executive,4,2024-08-18,1,2026-07-13
20,EMP0020,Bhavani,Gokhale,anvimane@example.net,2512789865,Warehouse,Sales Executive,4,2023-01-05,1,2026-07-13
21,EMP0021,Yashasvi,Uppal,hlall@example.net,5137168569,Operations,Sales Executive,1,2022-02-03,1,2026-07-13
22,EMP0022,Daniel,Bose,etadutt@example.net,3662671447,Operations,Warehouse Manager,2,2023-03-17,1,2026-07-13
23,EMP0023,Nihal,Agarwal,vritti62@example.net,5208524625,Sales,Sales Executive,5,2023-10-12,1,2026-07-13
24,EMP0024,Joshua,Contractor,deytristan@example.com,7404248671,Warehouse,Warehouse Manager,4,2023-09-18,1,2026-07-13
25,EMP0025,Girish,Gopal,fborra@example.org,6428452266,Inventory,Inventory Executive,4,2023-06-22,1,2026-07-13
26,EMP0026,Kevin,Malhotra,eshetty@example.org,8831637168,Warehouse,Sales Executive,2,2022-12-09,1,2026-07-13
27,EMP0027,Advika,Vora,sarmaaahana@example.net,6608161042,Inventory,Inventory Executive,5,2021-09-12,1,2026-07-13
28,EMP0028,Gayathri,Choudhry,riya23@example.com,3177062032,Operations,Sales Manager,1,2025-10-19,1,2026-07-13
29,EMP0029,Upasna,Bassi,falak16@example.com,5137794194,Sales,Sales Executive,2,2023-01-11,1,2026-07-13
30,EMP0030,Daniel,Chana,joshuamerchant@example.org,4111758490,Sales,Warehouse Manager,4,2025-10-12,1,2026-07-13
31,EMP0031,Ryan,Chanda,hiralsarna@example.com,7182043269,Operations,Inventory Executive,2,2025-04-21,1,2026-07-13
32,EMP0032,Edhitha,Shankar,omital@example.com,4585865503,Sales,Sales Executive,3,2021-11-04,1,2026-07-13
33,EMP0033,Agastya,Palan,simonzacharia@example.org,9014577142,Operations,Sales Manager,1,2023-12-28,1,2026-07-13
34,EMP0034,Kashish,Amble,anthony15@example.com,5930533335,Warehouse,Sales Executive,5,2024-10-07,1,2026-07-13
35,EMP0035,Ishwar,Borde,ckaul@example.net,8305876586,Inventory,Sales Executive,2,2025-06-12,1,2026-07-13
36,EMP0036,Baghyawati,Cherian,ikshita56@example.net,1028726376,Warehouse,Inventory Executive,4,2024-06-29,1,2026-07-13
37,EMP0037,Vidhi,Kant,idikakeer@example.net,3389228924,Warehouse,Inventory Executive,1,2025-11-22,1,2026-07-13
38,EMP0038,Eta,Muni,kundamanthan@example.net,3682237715,Operations,Sales Executive,4,2023-09-29,1,2026-07-13
39,EMP0039,Lakshit,Seshadri,jai49@example.com,8016229067,Operations,Sales Manager,2,2023-11-12,1,2026-07-13
40,EMP0040,Abeer,Goda,yvarghese@example.com,4472632409,Operations,Warehouse Manager,1,2022-04-21,1,2026-07-13
41,EMP0041,Janya,Lad,hkala@example.org,0123674018,Inventory,Sales Executive,3,2021-08-06,1,2026-07-13
42,EMP0042,Sai,Chatterjee,wasongunbir@example.net,8978354595,Inventory,Sales Executive,1,2025-09-04,1,2026-07-13
43,EMP0043,Ishaan,Konda,xdeep@example.net,3000078270,Sales,Warehouse Manager,3,2021-07-27,1,2026-07-13
44,EMP0044,Luke,Khurana,balanidhi@example.org,7753840703,Inventory,Inventory Executive,1,2023-02-14,1,2026-07-13
45,EMP0045,Faqid,Tata,kbatra@example.com,2021772604,Sales,Warehouse Manager,2,2022-11-20,1,2026-07-13
46,EMP0046,Vivaan,Badal,chakrika84@example.org,8346360188,Operations,Inventory Executive,4,2023-01-11,1,2026-07-13
47,EMP0047,Quincy,Palan,frado19@example.net,9281850122,Warehouse,Sales Manager,5,2021-12-07,1,2026-07-13
48,EMP0048,Yahvi,Kala,pushti60@example.com,9098481613,Sales,Inventory Executive,1,2024-08-17,1,2026-07-13
49,EMP0049,Janani,Vig,anthony61@example.org,3857244086,Sales,Warehouse Manager,4,2022-06-25,1,2026-07-13
50,EMP0050,Aarini,Atwal,iryasuresh@example.org,0634934147,Operations,Sales Manager,5,2022-05-21,1,2026-07-13
51,EMP0051,Oviya,Suri,nadignachiket@example.org,6185795028,Operations,Inventory Executive,2,2023-05-30,1,2026-07-13
52,EMP0052,Zilmil,Karpe,kkunda@example.com,2022084348,Operations,Sales Manager,4,2022-05-23,1,2026-07-13
53,EMP0053,Nimrat,Rajagopalan,hamsinivarghese@example.com,4465800243,Warehouse,Sales Manager,1,2026-02-05,1,2026-07-13
54,EMP0054,Pranav,Thaman,gagan11@example.com,3708627390,Warehouse,Inventory Executive,5,2026-03-28,1,2026-07-13
55,EMP0055,Urishilla,Vig,krisha60@example.com,0741545882,Operations,Inventory Executive,5,2023-12-27,1,2026-07-13
56,EMP0056,Ucchal,Shetty,karan03@example.net,4383296511,Operations,Inventory Executive,5,2023-12-27,1,2026-07-13
57,EMP0057,Vasudha,Jhaveri,schoudhry@example.org,0952366221,Operations,Warehouse Manager,1,2026-01-09,1,2026-07-13
58,EMP0058,Vaishnavi,Wable,ekansh34@example.net,3055696484,Inventory,Warehouse Manager,2,2023-04-30,1,2026-07-13
59,EMP0059,Odika,Bhat,tarak72@example.net,6296864224,Sales,Sales Executive,3,2023-04-03,1,2026-07-13
60,EMP0060,Qushi,Bal,sanyabhatnagar@example.com,2478276999,Inventory,Warehouse Manager,5,2024-09-17,1,2026-07-13
61,EMP0061,Wridesh,Chatterjee,girindradutta@example.net,5060779269,Operations,Sales Executive,4,2021-11-24,1,2026-07-13
62,EMP0062,Qarin,Varma,vasudhatiwari@example.com,7164153617,Operations,Sales Executive,2,2023-09-17,1,2026-07-13
63,EMP0063,Nirja,Bhalla,prashadbalhaar@example.org,7630147634,Sales,Warehouse Manager,3,2023-08-16,1,2026-07-13
64,EMP0064,Pallavi,Behl,ybhatti@example.com,7680672964,Warehouse,Warehouse Manager,3,2026-07-12,1,2026-07-13
65,EMP0065,Finn,Rege,oscarchoudhry@example.com,4328061568,Operations,Sales Manager,5,2026-05-26,1,2026-07-13
66,EMP0066,Madhavi,Deo,pradhanyauvani@example.net,3665890846,Sales,Warehouse Manager,4,2026-06-21,1,2026-07-13
67,EMP0067,Shaurya,Seth,shivansh65@example.org,0308505656,Warehouse,Warehouse Manager,2,2024-06-18,1,2026-07-13
68,EMP0068,Onkar,Mannan,palanmahika@example.com,6777841262,Operations,Sales Manager,5,2021-12-26,1,2026-07-13
69,EMP0069,Jhalak,Sarna,jeetchopra@example.net,9957618226,Operations,Sales Executive,1,2024-08-01,1,2026-07-13
70,EMP0070,Fitan,Desai,timothyravi@example.org,9985060218,Inventory,Warehouse Manager,5,2024-07-31,1,2026-07-13
71,EMP0071,Lakshmi,Choudhary,qabil29@example.org,9726041493,Inventory,Inventory Executive,4,2023-07-16,1,2026-07-13
72,EMP0072,Ronith,Dash,watika12@example.net,1927983503,Operations,Warehouse Manager,2,2022-02-05,1,2026-07-13
73,EMP0073,Krish,Chadha,manbirmadan@example.org,4111557382,Sales,Sales Manager,5,2024-08-29,1,2026-07-13
74,EMP0074,Bimala,Barad,dsathe@example.org,6242895286,Inventory,Warehouse Manager,1,2022-04-27,1,2026-07-13
75,EMP0075,Zilmil,Nadig,amolramaswamy@example.net,2052379615,Inventory,Sales Executive,5,2025-12-25,1,2026-07-13
76,EMP0076,Aahana,Pillay,kashish64@example.com,1718883876,Sales,Sales Manager,3,2024-06-15,1,2026-07-13
77,EMP0077,Anirudh,Saha,oranganathan@example.com,0536335129,Operations,Warehouse Manager,1,2024-05-08,1,2026-07-13
78,EMP0078,Abhiram,Misra,sandhukaran@example.org,1500598147,Warehouse,Inventory Executive,1,2025-12-08,1,2026-07-13
79,EMP0079,Saumya,Ratti,narulacharita@example.net,5065451835,Warehouse,Warehouse Manager,3,2023-02-16,1,2026-07-13
80,EMP0080,Frado,Wadhwa,girish92@example.net,9464558508,Operations,Warehouse Manager,3,2023-03-11,1,2026-07-13
81,EMP0081,Mugdha,Grewal,lipika39@example.com,4033531140,Warehouse,Warehouse Manager,4,2023-10-24,1,2026-07-13
82,EMP0082,Chaman,Puri,bhavnabanerjee@example.org,3446371136,Operations,Inventory Executive,3,2022-07-24,1,2026-07-13
83,EMP0083,Anita,Kale,qkala@example.org,8978226920,Inventory,Sales Executive,4,2026-01-03,1,2026-07-13
84,EMP0084,Anirudh,Ghose,gandhitheodore@example.net,3067622337,Warehouse,Sales Manager,3,2025-10-14,1,2026-07-13
85,EMP0085,Hamsini,Dar,fsama@example.org,1340970498,Sales,Sales Executive,1,2021-10-03,1,2026-07-13
86,EMP0086,Jonathan,Saraf,yauvani58@example.org,0984881401,Sales,Sales Executive,3,2024-01-02,1,2026-07-13
87,EMP0087,Tanish,Shan,isaiahpalla@example.org,1585512939,Warehouse,Inventory Executive,5,2022-01-09,1,2026-07-13
88,EMP0088,Tanvi,Gola,pramachandran@example.net,6277154755,Inventory,Inventory Executive,4,2023-05-25,1,2026-07-13
89,EMP0089,Tanvi,Uppal,charfiyaz@example.org,2309122692,Inventory,Sales Manager,5,2024-12-31,1,2026-07-13
90,EMP0090,Rishi,Shanker,ekapad42@example.com,9857825019,Warehouse,Sales Manager,2,2024-04-11,1,2026-07-13
91,EMP0091,Chavvi,Mital,charansami@example.com,0130500587,Warehouse,Warehouse Manager,5,2023-04-23,1,2026-07-13
92,EMP0092,Atharv,Raju,xiti65@example.net,2999050516,Operations,Sales Executive,3,2023-04-29,1,2026-07-13
93,EMP0093,Bakhshi,Jha,bimala76@example.net,6052455449,Inventory,Warehouse Manager,1,2025-05-28,1,2026-07-13
94,EMP0094,Timothy,Bora,deyhiral@example.com,4357310157,Inventory,Sales Manager,2,2023-03-27,1,2026-07-13
95,EMP0095,Indira,Sachar,anusha66@example.net,3139566928,Inventory,Warehouse Manager,4,2025-11-05,1,2026-07-13
96,EMP0096,Warjas,Ahuja,ghegde@example.net,5718201217,Inventory,Sales Manager,3,2021-07-29,1,2026-07-13
97,EMP0097,Nidra,Bhalla,oeshiratti@example.org,1376627020,Inventory,Sales Executive,1,2022-10-05,1,2026-07-13
98,EMP0098,Ikbal,Kakar,umangsangha@example.com,0914332640,Sales,Sales Manager,2,2025-09-21,1,2026-07-13
99,EMP0099,Yauvani,Dewan,subramaniamyachana@example.org,7087259077,Operations,Inventory Executive,4,2023-08-06,1,2026-07-13
100,EMP0100,Anmol,Yogi,vincentvarma@example.org,6644090086,Inventory,Inventory Executive,4,2025-11-27,1,2026-07-13
